Title;Description/Text;Website URL;Location;Organizer/Promoter;Begin Date;End Date;Journey Stations;Journey Stations;Inner Change;Inner Change;Inner Change;Inner Change;Inner Change;Inner Change;Inner Change;Sustainability;Sustainability;Sustainability;Sustainability;Sustainability;Sustainability;Sustainability;Perspectives;Perspectives
;;muss noch als Kategorie erstellt werden;muss noch als Kategorie erstellt werden;muss noch als Kategorie erstellt werden;muss noch als Kategorie erstellt werden;muss noch als Kategorie erstellt werden;;;;;;;;;;;;;;;;;;
;;;;;;;;;;;;;;;;;;;;;;;;
;;;;;;;;;;;;;;;;;;;;;;;;
;;;;;;;;;;;;;;;;;;;;;;;;
;;;;;;;;;;;;;;;;;;;;;;;;
;;;;;;;;;;;;;;;;;;;;;;;;
;;;;;;;;;;;;;;;;;;;;;;;;
;;;;;;;;;;;;;;;;;;;;;;;;
;;;;;;;;;;;;;;;;;;;;;;;;
;;;;;;;;;;;;;;;;;;;;;;;;
;;;;;;;;;;;;;;;;;;;;;;;;
;;;;;;;;;;;;;;;;;;;;;;;;
;;;;;;;;;;;;;;;;;;;;;;;;
;;;;;;;;;;;;;;;;;;;;;;;;
;;;;;;;;;;;;;;;;;;;;;;;;
;;;;;;;;;;;;;;;;;;;;;;;;
;;;;;;;;;;;;;;;;;;;;;;;;
;;;;;;;;;;;;;;;;;;;;;;;;
;;;;;;;;;;;;;;;;;;;;;;;;
;;;;;;;;;;;;;;;;;;;;;;;;
;;;;;;;;;;;;;;;;;;;;;;;;